track_id,registration_number,status,make_model,vehicle_type,color,consensus_score,frame_count,camera_id
TRK-0001,GJ06KP4520,CONFIRMED,,car,,0.7586,160,vp2
TRK-0116,GJ11A1234,CONFIRMED,,truck,,0.7028,7,vp2
TRK-0100,GJ1M1214,CONFIRMED,,car,,0.6172,167,vp2
TRK-0230,QJ02HE1010,CONFIRMED,,truck,,0.6933,80,vp2
TRK-0026,QU01PL9006,CONFIRMED,,truck,,0.6124,50,vp2
TRK-0002,,UNRECOGNISED,,car,,0.5041,39,vp2
TRK-0003,,UNRECOGNISED,,car,,,160,vp2
TRK-0004,,UNRECOGNISED,,car,,,16,vp2
TRK-0005,,UNRECOGNISED,,car,,,133,vp2
TRK-0006,,UNRECOGNISED,,car,,,15,vp2
TRK-0007,,UNRECOGNISED,,car,,,28,vp2
TRK-0008,,UNRECOGNISED,,car,,,155,vp2
TRK-0009,,UNRECOGNISED,,car,,,109,vp2
TRK-0010,,UNRECOGNISED,,car,,,12,vp2
TRK-0011,,UNRECOGNISED,,car,,,2,vp2
TRK-0012,,UNRECOGNISED,,car,,,1,vp2
TRK-0013,,UNRECOGNISED,,car,,,63,vp2
TRK-0014,,UNRECOGNISED,,car,,,15,vp2
TRK-0015,,UNRECOGNISED,,car,,,40,vp2
TRK-0016,,UNRECOGNISED,,car,,,2,vp2
TRK-0017,,UNRECOGNISED,,truck,,0.3,3,vp2
TRK-0018,,UNRECOGNISED,,car,,,15,vp2
TRK-0019,,UNRECOGNISED,,car,,,3,vp2
TRK-0020,,UNRECOGNISED,,car,,,2,vp2
TRK-0021,,UNRECOGNISED,,car,,,2,vp2
TRK-0022,,UNRECOGNISED,,car,,,10,vp2
TRK-0023,,UNRECOGNISED,,car,,,1,vp2
TRK-0024,,UNRECOGNISED,,truck,,0.3262,129,vp2
TRK-0025,,UNRECOGNISED,,car,,,29,vp2
TRK-0027,,UNRECOGNISED,,motorcycle,,,1,vp2
TRK-0028,,UNRECOGNISED,,motorcycle,,,4,vp2
TRK-0029,,UNRECOGNISED,,motorcycle,,,2,vp2
TRK-0030,,UNRECOGNISED,,car,,,5,vp2
TRK-0031,,UNRECOGNISED,,car,,,8,vp2
TRK-0032,,UNRECOGNISED,,bicycle,,,1,vp2
TRK-0033,,UNRECOGNISED,,bicycle,,,7,vp2
TRK-0034,,UNRECOGNISED,,motorcycle,,,1,vp2
TRK-0035,,UNRECOGNISED,,motorcycle,,,20,vp2
TRK-0036,,UNRECOGNISED,,bicycle,,,43,vp2
TRK-0037,,UNRECOGNISED,,bicycle,,,4,vp2
TRK-0038,,UNRECOGNISED,,car,,,5,vp2
TRK-0039,,UNRECOGNISED,,motorcycle,,,1,vp2
TRK-0040,,UNRECOGNISED,,motorcycle,,,5,vp2
TRK-0041,,UNRECOGNISED,,car,,,1,vp2
TRK-0042,,UNRECOGNISED,,motorcycle,,,4,vp2
TRK-0043,,UNRECOGNISED,,motorcycle,,,14,vp2
TRK-0044,,UNRECOGNISED,,car,,,28,vp2
TRK-0045,,UNRECOGNISED,,motorcycle,,,7,vp2
TRK-0046,,UNRECOGNISED,,car,,,14,vp2
TRK-0047,,UNRECOGNISED,,motorcycle,,,1,vp2
TRK-0048,,UNRECOGNISED,,car,,,17,vp2
TRK-0049,,UNRECOGNISED,,car,,0.3297,141,vp2
TRK-0050,,UNRECOGNISED,,motorcycle,,,32,vp2
TRK-0051,,UNRECOGNISED,,car,,,21,vp2
TRK-0052,,UNRECOGNISED,,car,,,26,vp2
TRK-0053,,UNRECOGNISED,,motorcycle,,,3,vp2
TRK-0054,,UNRECOGNISED,,car,,,149,vp2
TRK-0055,,UNRECOGNISED,,car,,,17,vp2
TRK-0056,,UNRECOGNISED,,motorcycle,,,25,vp2
TRK-0057,,UNRECOGNISED,,truck,,0.4885,24,vp2
TRK-0058,,UNRECOGNISED,,motorcycle,,,4,vp2
TRK-0059,,UNRECOGNISED,,motorcycle,,,1,vp2
TRK-0060,,UNRECOGNISED,,car,,,7,vp2
TRK-0061,,UNRECOGNISED,,motorcycle,,,1,vp2
TRK-0062,,UNRECOGNISED,,car,,,108,vp2
TRK-0063,,UNRECOGNISED,,car,,,1,vp2
TRK-0064,,UNRECOGNISED,,motorcycle,,,3,vp2
TRK-0065,,UNRECOGNISED,,motorcycle,,,14,vp2
TRK-0066,,UNRECOGNISED,,motorcycle,,,1,vp2
TRK-0067,,UNRECOGNISED,,motorcycle,,,1,vp2
TRK-0068,,UNRECOGNISED,,motorcycle,,,6,vp2
TRK-0069,,UNRECOGNISED,,motorcycle,,,1,vp2
TRK-0070,,UNRECOGNISED,,car,,,5,vp2
TRK-0071,,UNRECOGNISED,,motorcycle,,,1,vp2
TRK-0072,,UNRECOGNISED,,motorcycle,,,8,vp2
TRK-0073,,UNRECOGNISED,,car,,0.554,65,vp2
TRK-0074,,UNRECOGNISED,,car,,,12,vp2
TRK-0075,,UNRECOGNISED,,car,,,19,vp2
TRK-0076,,UNRECOGNISED,,motorcycle,,,10,vp2
TRK-0077,,UNRECOGNISED,,motorcycle,,,1,vp2
TRK-0078,,UNRECOGNISED,,motorcycle,,,4,vp2
TRK-0079,,UNRECOGNISED,,motorcycle,,,46,vp2
TRK-0080,,UNRECOGNISED,,car,,,143,vp2
TRK-0081,,UNRECOGNISED,,bicycle,,,1,vp2
TRK-0082,,UNRECOGNISED,,motorcycle,,,7,vp2
TRK-0083,,UNRECOGNISED,,car,,,13,vp2
TRK-0084,,UNRECOGNISED,,truck,,,77,vp2
TRK-0085,,UNRECOGNISED,,car,,,45,vp2
TRK-0086,,UNRECOGNISED,,car,,,1,vp2
TRK-0087,,UNRECOGNISED,,car,,,3,vp2
TRK-0088,,UNRECOGNISED,,motorcycle,,,1,vp2
TRK-0089,,UNRECOGNISED,,motorcycle,,,1,vp2
TRK-0090,,UNRECOGNISED,,motorcycle,,,1,vp2
TRK-0091,,UNRECOGNISED,,motorcycle,,,4,vp2
TRK-0092,,UNRECOGNISED,,motorcycle,,,10,vp2
TRK-0093,,UNRECOGNISED,,motorcycle,,,2,vp2
TRK-0094,,UNRECOGNISED,,motorcycle,,,8,vp2
TRK-0095,,UNRECOGNISED,,truck,,,13,vp2
TRK-0096,,UNRECOGNISED,,car,,,1,vp2
TRK-0097,,UNRECOGNISED,,car,,,1,vp2
TRK-0098,,UNRECOGNISED,,motorcycle,,,4,vp2
TRK-0099,,UNRECOGNISED,,motorcycle,,,3,vp2
TRK-0101,,UNRECOGNISED,,car,,,167,vp2
TRK-0102,,UNRECOGNISED,,car,,,167,vp2
TRK-0103,,UNRECOGNISED,,car,,,51,vp2
TRK-0104,,UNRECOGNISED,,motorcycle,,,86,vp2
TRK-0105,,UNRECOGNISED,,car,,,111,vp2
TRK-0106,,UNRECOGNISED,,truck,,0.4051,4,vp2
TRK-0107,,UNRECOGNISED,,car,,,4,vp2
TRK-0108,,UNRECOGNISED,,car,,,24,vp2
TRK-0109,,UNRECOGNISED,,car,,,4,vp2
TRK-0110,,UNRECOGNISED,,car,,,105,vp2
TRK-0111,,UNRECOGNISED,,bicycle,,,1,vp2
TRK-0112,,UNRECOGNISED,,motorcycle,,0.5969,68,vp2
TRK-0113,,UNRECOGNISED,,car,,,3,vp2
TRK-0114,,UNRECOGNISED,,motorcycle,,,1,vp2
TRK-0115,,UNRECOGNISED,,car,,,1,vp2
TRK-0117,,UNRECOGNISED,,motorcycle,,,1,vp2
TRK-0118,,UNRECOGNISED,,car,,,2,vp2
TRK-0119,,UNRECOGNISED,,truck,,,167,vp2
TRK-0120,,UNRECOGNISED,,truck,,,4,vp2
TRK-0121,,UNRECOGNISED,,truck,,0.2163,14,vp2
TRK-0122,,UNRECOGNISED,,car,,,1,vp2
TRK-0123,,UNRECOGNISED,,motorcycle,,,1,vp2
TRK-0124,,UNRECOGNISED,,car,,,5,vp2
TRK-0125,,UNRECOGNISED,,motorcycle,,,3,vp2
TRK-0126,,UNRECOGNISED,,car,,,3,vp2
TRK-0127,,UNRECOGNISED,,car,,,41,vp2
TRK-0128,,UNRECOGNISED,,car,,,1,vp2
TRK-0129,,UNRECOGNISED,,car,,0.6396,26,vp2
TRK-0130,,UNRECOGNISED,,truck,,,23,vp2
TRK-0131,,UNRECOGNISED,,car,,0.4739,131,vp2
TRK-0132,,UNRECOGNISED,,car,,,70,vp2
TRK-0133,,UNRECOGNISED,,car,,,1,vp2
TRK-0134,,UNRECOGNISED,,car,,,1,vp2
TRK-0135,,UNRECOGNISED,,car,,0.6968,80,vp2
TRK-0136,,UNRECOGNISED,,car,,,2,vp2
TRK-0137,,UNRECOGNISED,,car,,0.6107,183,vp2
TRK-0138,,UNRECOGNISED,,car,,0.5709,90,vp2
TRK-0139,,UNRECOGNISED,,car,,,183,vp2
TRK-0140,,UNRECOGNISED,,truck,,,168,vp2
TRK-0141,,UNRECOGNISED,,car,,,183,vp2
TRK-0142,,UNRECOGNISED,,car,,,137,vp2
TRK-0143,,UNRECOGNISED,,car,,,17,vp2
TRK-0144,,UNRECOGNISED,,car,,,1,vp2
TRK-0145,,UNRECOGNISED,,car,,,14,vp2
TRK-0146,,UNRECOGNISED,,car,,,4,vp2
TRK-0147,,UNRECOGNISED,,car,,,1,vp2
TRK-0148,,UNRECOGNISED,,car,,,2,vp2
TRK-0149,,UNRECOGNISED,,car,,,65,vp2
TRK-0150,,UNRECOGNISED,,car,,,56,vp2
TRK-0151,,UNRECOGNISED,,car,,,1,vp2
TRK-0152,,UNRECOGNISED,,car,,,4,vp2
TRK-0153,,UNRECOGNISED,,car,,,2,vp2
TRK-0154,,UNRECOGNISED,,car,,,17,vp2
TRK-0155,,UNRECOGNISED,,car,,,17,vp2
TRK-0156,,UNRECOGNISED,,car,,,1,vp2
TRK-0157,,UNRECOGNISED,,car,,,7,vp2
TRK-0158,,UNRECOGNISED,,car,,,88,vp2
TRK-0159,,UNRECOGNISED,,car,,,22,vp2
TRK-0160,,UNRECOGNISED,,car,,,64,vp2
TRK-0161,,UNRECOGNISED,,car,,,1,vp2
TRK-0162,,UNRECOGNISED,,car,,,8,vp2
TRK-0163,,UNRECOGNISED,,car,,,5,vp2
TRK-0164,,UNRECOGNISED,,bus,,,1,vp2
TRK-0165,,UNRECOGNISED,,car,,,1,vp2
TRK-0166,,UNRECOGNISED,,car,,,4,vp2
TRK-0167,,UNRECOGNISED,,car,,,3,vp2
TRK-0168,,UNRECOGNISED,,car,,,2,vp2
TRK-0169,,UNRECOGNISED,,car,,,30,vp2
TRK-0170,,UNRECOGNISED,,bus,,,21,vp2
TRK-0171,,UNRECOGNISED,,car,,,4,vp2
TRK-0172,,UNRECOGNISED,,truck,,,38,vp2
TRK-0173,,UNRECOGNISED,,car,,,18,vp2
TRK-0174,,UNRECOGNISED,,car,,,6,vp2
TRK-0175,,UNRECOGNISED,,car,,,5,vp2
TRK-0176,,UNRECOGNISED,,car,,,10,vp2
TRK-0177,,UNRECOGNISED,,car,,0.6059,228,vp2
TRK-0178,,UNRECOGNISED,,car,,,56,vp2
TRK-0179,,UNRECOGNISED,,motorcycle,,,48,vp2
TRK-0180,,UNRECOGNISED,,car,,,68,vp2
TRK-0181,,UNRECOGNISED,,car,,,3,vp2
TRK-0182,,UNRECOGNISED,,motorcycle,,,4,vp2
TRK-0183,,UNRECOGNISED,,car,,,18,vp2
TRK-0184,,UNRECOGNISED,,car,,,4,vp2
TRK-0185,,UNRECOGNISED,,car,,,13,vp2
TRK-0186,,UNRECOGNISED,,car,,0.8131,162,vp2
TRK-0187,,UNRECOGNISED,,car,,,160,vp2
TRK-0188,,UNRECOGNISED,,car,,,27,vp2
TRK-0189,,UNRECOGNISED,,car,,,8,vp2
TRK-0190,,UNRECOGNISED,,car,,,6,vp2
TRK-0191,,UNRECOGNISED,,car,,,14,vp2
TRK-0192,,UNRECOGNISED,,motorcycle,,,75,vp2
TRK-0193,,UNRECOGNISED,,car,,,59,vp2
TRK-0194,,UNRECOGNISED,,bicycle,,,6,vp2
TRK-0195,,UNRECOGNISED,,bus,,0.7928,4,vp2
TRK-0196,,UNRECOGNISED,,car,,,6,vp2
TRK-0197,,UNRECOGNISED,,car,,,97,vp2
TRK-0198,,UNRECOGNISED,,car,,,6,vp2
TRK-0199,,UNRECOGNISED,,car,,,22,vp2
TRK-0200,,UNRECOGNISED,,bicycle,,,13,vp2
TRK-0201,,UNRECOGNISED,,car,,,96,vp2
TRK-0202,,UNRECOGNISED,,car,,,1,vp2
TRK-0203,,UNRECOGNISED,,motorcycle,,,7,vp2
TRK-0204,,UNRECOGNISED,,car,,,1,vp2
TRK-0205,,UNRECOGNISED,,car,,0.7064,3,vp2
TRK-0206,,UNRECOGNISED,,bicycle,,,54,vp2
TRK-0207,,UNRECOGNISED,,car,,,74,vp2
TRK-0208,,UNRECOGNISED,,car,,,1,vp2
TRK-0209,,UNRECOGNISED,,car,,,10,vp2
TRK-0210,,UNRECOGNISED,,car,,,38,vp2
TRK-0211,,UNRECOGNISED,,car,,,60,vp2
TRK-0212,,UNRECOGNISED,,motorcycle,,,12,vp2
TRK-0213,,UNRECOGNISED,,car,,,1,vp2
TRK-0214,,UNRECOGNISED,,bicycle,,,3,vp2
TRK-0215,,UNRECOGNISED,,car,,,1,vp2
TRK-0216,,UNRECOGNISED,,car,,,27,vp2
TRK-0217,,UNRECOGNISED,,car,,,43,vp2
TRK-0218,,UNRECOGNISED,,car,,,21,vp2
TRK-0219,,UNRECOGNISED,,car,,,6,vp2
TRK-0220,,UNRECOGNISED,,car,,,11,vp2
TRK-0221,,UNRECOGNISED,,car,,,4,vp2
TRK-0222,,UNRECOGNISED,,car,,,13,vp2
TRK-0223,,UNRECOGNISED,,car,,,1,vp2
TRK-0224,,UNRECOGNISED,,car,,,5,vp2
TRK-0225,,UNRECOGNISED,,motorcycle,,,2,vp2
TRK-0226,,UNRECOGNISED,,car,,,128,vp2
TRK-0227,,UNRECOGNISED,,motorcycle,,,128,vp2
TRK-0228,,UNRECOGNISED,,car,,,128,vp2
TRK-0229,,UNRECOGNISED,,car,,,128,vp2
TRK-0231,,UNRECOGNISED,,car,,,1,vp2
TRK-0232,,UNRECOGNISED,,car,,,3,vp2
TRK-0233,,UNRECOGNISED,,bicycle,,,4,vp2
